{"_CACHE_STORE_KEY_ONNX_CONVERTER_INIT_METADATA_": {"cv_type": "file", "local_path": "/tmp/tmp11ygyiev/outputs/_automl_internal/_CACHE_STORE_KEY_ONNX_CONVERTER_INIT_METADATA_.pkl", "remote_path": "outputs/_automl_internal/_CACHE_STORE_KEY_ONNX_CONVERTER_INIT_METADATA_.pkl", "ext": "pkl"}, "featurization/data/X": {"cv_type": "file", "local_path": "/tmp/tmp11ygyiev/outputs/featurization/data/X.coo.parquet", "remote_path": "outputs/featurization/data/X.coo.parquet", "ext": "coo.parquet"}, "featurization/data/y": {"cv_type": "file", "local_path": "/tmp/tmp11ygyiev/outputs/featurization/data/y.npys.parquet", "remote_path": "outputs/featurization/data/y.npys.parquet", "ext": "npys.parquet"}, "featurization/data/sample_weight": {"cv_type": "file", "local_path": "/tmp/tmp11ygyiev/outputs/featurization/data/sample_weight.pkl", "remote_path": "outputs/featurization/data/sample_weight.pkl", "ext": "pkl"}, "featurization/data/X_valid": {"cv_type": "file", "local_path": "/tmp/tmp11ygyiev/outputs/featurization/data/X_valid.coo.parquet", "remote_path": "outputs/featurization/data/X_valid.coo.parquet", "ext": "coo.parquet"}, "featurization/data/y_valid": {"cv_type": "file", "local_path": "/tmp/tmp11ygyiev/outputs/featurization/data/y_valid.npys.parquet", "remote_path": "outputs/featurization/data/y_valid.npys.parquet", "ext": "npys.parquet"}, "featurization/data/sample_weight_valid": {"cv_type": "file", "local_path": "/tmp/tmp11ygyiev/outputs/featurization/data/sample_weight_valid.pkl", "remote_path": "outputs/featurization/data/sample_weight_valid.pkl", "ext": "pkl"}, "X_raw": {"cv_type": "file", "local_path": "/tmp/tmp11ygyiev/outputs/_automl_internal/X_raw.df.parquet", "remote_path": "outputs/_automl_internal/X_raw.df.parquet", "ext": "df.parquet"}, "y_raw": {"cv_type": "file", "local_path": "/tmp/tmp11ygyiev/outputs/_automl_internal/y_raw.npys.parquet", "remote_path": "outputs/_automl_internal/y_raw.npys.parquet", "ext": "npys.parquet"}, "X_raw_valid": {"cv_type": "file", "local_path": "/tmp/tmp11ygyiev/outputs/_automl_internal/X_raw_valid.df.parquet", "remote_path": "outputs/_automl_internal/X_raw_valid.df.parquet", "ext": "df.parquet"}, "y_raw_valid": {"cv_type": "file", "local_path": "/tmp/tmp11ygyiev/outputs/_automl_internal/y_raw_valid.npys.parquet", "remote_path": "outputs/_automl_internal/y_raw_valid.npys.parquet", "ext": "npys.parquet"}, "ExperimentData_materialized": {"cv_type": "file", "local_path": "/tmp/tmp11ygyiev/outputs/_automl_internal/ExperimentData_materialized.pkl", "remote_path": "outputs/_automl_internal/ExperimentData_materialized.pkl", "ext": "pkl"}, "ExperimentData_lazy": {"cv_type": "file", "local_path": "/tmp/tmp11ygyiev/outputs/_automl_internal/ExperimentData_lazy.pkl", "remote_path": "outputs/_automl_internal/ExperimentData_lazy.pkl", "ext": "pkl"}, "ExperimentData_partitioned": {"cv_type": "file", "local_path": "/tmp/tmp11ygyiev/outputs/_automl_internal/ExperimentData_partitioned.pkl", "remote_path": "outputs/_automl_internal/ExperimentData_partitioned.pkl", "ext": "pkl"}, "ExperimentMetadata_Timeseries": {"cv_type": "file", "local_path": "/tmp/tmp11ygyiev/outputs/_automl_internal/ExperimentMetadata_Timeseries.pkl", "remote_path": "outputs/_automl_internal/ExperimentMetadata_Timeseries.pkl", "ext": "pkl"}, "ExperimentMetadata_Regression": {"cv_type": "file", "local_path": "/tmp/tmp11ygyiev/outputs/_automl_internal/ExperimentMetadata_Regression.pkl", "remote_path": "outputs/_automl_internal/ExperimentMetadata_Regression.pkl", "ext": "pkl"}, "ExperimentMetadata_Classification": {"cv_type": "file", "local_path": "/tmp/tmp11ygyiev/outputs/_automl_internal/ExperimentMetadata_Classification.pkl", "remote_path": "outputs/_automl_internal/ExperimentMetadata_Classification.pkl", "ext": "pkl"}, "ExperimentMetadata": {"cv_type": "file", "local_path": "/tmp/tmp11ygyiev/outputs/_automl_internal/ExperimentMetadata.pkl", "remote_path": "outputs/_automl_internal/ExperimentMetadata.pkl", "ext": "pkl"}, "featurization/pipeline": {"cv_type": "dir", "local_path": "/tmp/tmpsb2y_nn8/featurization/pipeline", "remote_path": "outputs/featurization/pipeline", "key": "featurization/pipeline", "dir_items": {"featurization/pipeline/model": {"cv_type": "file", "local_path": "/tmp/tmpsb2y_nn8/featurization/pipeline/model.pkl", "remote_path": "outputs/featurization/pipeline/model.pkl", "ext": "pkl"}, "featurization/pipeline/python_env": {"cv_type": "file", "local_path": "/tmp/tmpsb2y_nn8/featurization/pipeline/python_env.yaml", "remote_path": "outputs/featurization/pipeline/python_env.yaml", "ext": "yaml"}, "featurization/pipeline/MLmodel": {"cv_type": "file", "local_path": "/tmp/tmpsb2y_nn8/featurization/pipeline/MLmodel", "remote_path": "outputs/featurization/pipeline/MLmodel", "ext": ""}, "featurization/pipeline/requirements": {"cv_type": "file", "local_path": "/tmp/tmpsb2y_nn8/featurization/pipeline/requirements.txt", "remote_path": "outputs/featurization/pipeline/requirements.txt", "ext": "txt"}, "featurization/pipeline/conda": {"cv_type": "file", "local_path": "/tmp/tmpsb2y_nn8/featurization/pipeline/conda.yaml", "remote_path": "outputs/featurization/pipeline/conda.yaml", "ext": "yaml"}}}}